,company_name,company_number,company_status,company_type,date_of_cessation,date_of_creation,sic_codes,company_subtype,address_line_1,locality,postal_code,address_line_2,region,country,SICCODE_0,SICCODE_1,SICCODE_2,SICCODE_3,Value,Start_Year,End_Year,coordinates,latitude,longitude
0,NEW LAL GOLAP LTD,7805572,dissolved,ltd,06-11-2018,11-10-2011,['56101'],0,187 London Road,Burgess Hill,RH15 8LH,0,0,England,56101,0,0,0,TRUE,2011,2018,RH15 8LH,50.95798001,-0.139130037
1,BEXHILL ENTERPRISE LIMITED,7805866,dissolved,ltd,30-09-2014,11-10-2011,['56101'],0,17-21 Cooden Sea Road,Bexhill-On-Sea,TN39 4SJ,0,East Sussex,England,56101,0,0,0,TRUE,2011,2014,TN39 4SJ,50.84454998,0.433610017
2,DUGGAN AND HURST LIMITED,7803991,dissolved,ltd,02-05-2017,10-10-2011,['56101'],0,Gough House,Kingston Upon Thames,KT1 1DA,57 Eden Street,Surrey,0,56101,0,0,0,TRUE,2011,2017,KT1 1DA,51.41031,-0.30251001
3,BLUE THAI KITCHEN LTD,7806028,dissolved,ltd,04-12-2021,11-10-2011,['56101'],0,1 Radian Court,Milton Keynes,MK5 8PJ,Knowlhill,0,0,56101,0,0,0,TRUE,2011,2021,MK5 8PJ,52.02554999,-0.771419993
4,DELHICIOUS SPICE LIMITED,7805431,dissolved,ltd,17-01-2017,11-10-2011,['56101'],0,139 Wilbraham Road,Manchester,M14 7DS,Fallowfield,0,0,56101,0,0,0,TRUE,2011,2017,M14 7DS,53.44348998,-2.234250019
5,ACHA HAI LIMITED,7804640,dissolved,ltd,15-03-2016,11-10-2011,['56101'],0,76 George Street,Corby,NN17 1QE,0,Northamptonshire,United Kingdom,56101,0,0,0,TRUE,2011,2016,NN17 1QE,52.48941998,-0.70418003
6,VP1 LIMITED,7805020,dissolved,ltd,05-05-2015,11-10-2011,['56101'],0,27 High View Close,Leicester,LE4 9LJ,Hamilton Office Park,0,England,56101,0,0,0,TRUE,2011,2015,LE4 9LJ,52.65736,-1.084119967
7,MANAKAMANA FOOD LIMITED,7806874,dissolved,ltd,24-02-2015,12-10-2011,['56101'],0,54 Walsall Street,Wolverhampton,WV1 3LL,0,0,0,56101,0,0,0,TRUE,2011,2015,WV1 3LL,52.58404999,-2.11871001
8,CS CAMBRIDGE LIMITED,7807566,dissolved,ltd,13-02-2018,12-10-2011,['56101'],0,Quern House Mill Court,Cambridge,CB22 5LD,Great Shelford,0,England,56101,0,0,0,TRUE,2011,2018,CB22 5LD,52.14961,0.140020028
9,GURKHA TANDOORI (UK) LIMITED,7807794,dissolved,ltd,10-10-2017,12-10-2011,['56101'],0,36 Chorley Road Swinton,Manchester,M27 5AF,0,0,0,56101,0,0,0,TRUE,2011,2017,M27 5AF,53.50915,-2.334100028
10,APOLLONIA CAFE LTD,7808130,dissolved,ltd,15-11-2016,13-10-2011,['56101'],0,99 South End,Croydon,CR0 1BG,0,0,0,56101,0,0,0,TRUE,2011,2016,CR0 1BG,51.36452,-0.098639997
11,FRITH STREET BARS LIMITED,7807947,dissolved,ltd,23-09-2014,12-10-2011,['56101'],0,925 Finchley Road,London,NW11 7PE,0,0,0,56101,0,0,0,TRUE,2011,2014,NW11 7PE,51.57414,-0.196280032
12,BODRUM GRILL (FELIXSTOWE) LIMITED,7808949,dissolved,ltd,07-04-2015,13-10-2011,['56101'],0,Bank House 129,Ipswich,IP6 8DH,High Street Needham Market,Suffolk,0,56101,0,0,0,TRUE,2011,2015,IP6 8DH,52.15635001,1.049200036
13,ACEBROOK SOLUTIONS LIMITED,7808841,dissolved,ltd,25-11-2016,13-10-2011,['56101'],0,Olympia House,London,NW11 8RQ,Armitage Road,0,0,56101,0,0,0,TRUE,2011,2016,NW11 8RQ,51.57286,-0.200120034
14,MAUSAMS LIMITED,7809023,dissolved,ltd,09-12-2014,13-10-2011,['56101'],0,115 High Road,Bedford,MK45 3AX,Cotton End,0,0,56101,0,0,0,TRUE,2011,2014,MK45 3AX,52.09390999,-0.419149976
15,KITTY RESTAURANTS LIMITED,7809225,dissolved,ltd,27-03-2018,13-10-2011,['56101'],0,1st Floor,London,N3 2LT,314 Regents Park Road,0,0,56101,0,0,0,TRUE,2011,2018,N3 2LT,51.59946001,-0.195400016
16,PADRON LIMITED,7809977,active,ltd,0,14-10-2011,['56101'],0,13 Harrow Place,London,E1 7DB,0,0,United Kingdom,56101,0,0,0,TRUE,2011,1970,E1 7DB,51.51610999,-0.077309981
17,PAPRIKA CLUB LTD,7809988,active,ltd,0,14-10-2011,['56101'],0,57 Alfred Street,Birmingham,B12 8JP,C/O Kaiser Nouman Nathan Llp,0,England,56101,0,0,0,TRUE,2011,1970,B12 8JP,52.45760999,-1.876360021
18,BOMBAY KHANA LIMITED,7809473,dissolved,ltd,10-11-2015,13-10-2011,['56101'],0,39 Ship Street,Brighton,BN1 1AB,0,East Sussex,0,56101,0,0,0,TRUE,2011,2015,BN1 1AB,50.82299998,-0.141690038
19,R HOUSE MANCHESTER LIMITED,7810581,dissolved,ltd,06-05-2019,14-10-2011,['56101'],0,First Floor,Clifton,BS8 2QB,141 Whiteladies Road,Bristol,0,56101,0,0,0,TRUE,2011,2019,BS8 2QB,51.46613,-2.610899975
20,RUILUCI LIMITED,7810502,dissolved,ltd,23-08-2019,14-10-2011,['56101'],0,6th Floor Walker House,Liverpool,L2 3YL,Exchange Flags,0,0,56101,0,0,0,TRUE,2011,2019,L2 3YL,53.40773002,-2.992489973
21,SARA 786 LIMITED,7812400,dissolved,ltd,22-09-2020,17-10-2011,['56101'],0,Clarence House,Market Harborough,LE16 7NE,35 Clarence Street,Leicestershire,0,56101,0,0,0,TRUE,2011,2020,LE16 7NE,52.47907001,-0.914339992
22,MAGIC GUSTO LIMITED,7803486,liquidation,ltd,0,10-10-2011,['56101'],0,4th Floor Fountain Precinct,Sheffield,S1 2JA,Leopold Street,0,0,56101,0,0,0,TRUE,2011,1970,S1 2JA,53.38111002,-1.472090018
23,LZ LONDON LIMITED,7810872,dissolved,ltd,24-07-2017,14-10-2011,['56101'],0,1a Pudding Lane,London,EC3R 8AB,0,0,0,56101,0,0,0,TRUE,2011,2017,EC3R 8AB,51.51034999,-0.085319979
24,BENGAL PARADISE OF HULL LTD,7812582,dissolved,ltd,20-12-2016,17-10-2011,['56101'],0,Unit 2-3 88 Mile End Road,London,E1 4UN,0,0,0,56101,0,0,0,TRUE,2011,2016,E1 4UN,51.52053999,-0.051730005
25,JUN (CORNWALL) LTD,7811224,dissolved,ltd,07-04-2015,14-10-2011,['56101'],0,Plaza Building,Lewisham,SE13 5PT,102 Lee High Road,London,0,56101,0,0,0,TRUE,2011,2015,SE13 5PT,51.46120002,-0.006330013
26,BEN ASLAN LTD,7811502,dissolved,ltd,09-09-2014,17-10-2011,['56101'],0,152 Stoke Newington Road,London,N16 7XA,0,0,England,56101,0,0,0,TRUE,2011,2014,N16 7XA,51.55544999,-0.074349996
27,COVENTRY HOTELS & RESTURANTS LIMITED,7813122,dissolved,ltd,19-05-2015,18-10-2011,"['56101', ' 56302']",0,1 & 2 Mercia Village,Coventry,CV4 8HX,Torwood Close Westwood Business Park,West Midlands,United Kingdom,56101,56302,0,0,TRUE,2011,2015,CV4 8HX,52.38875001,-1.576280008
28,JUST PUBS AND DINING LIMITED,7812637,dissolved,ltd,07-07-2017,17-10-2011,"['56101', ' 56302']",0,Olympia House,London,NW11 8RQ,Armitage Road,0,0,56101,56302,0,0,TRUE,2011,2017,NW11 8RQ,51.57286,-0.200120034
29,N STOCK LIMITED,7814498,dissolved,ltd,08-03-2016,18-10-2011,['56101'],0,Winston Churchill House,Birmingham,B2 4BG,Ethel Street,West Midlands,0,56101,0,0,0,TRUE,2011,2016,B2 4BG,52.47917,-1.901249998
30,GOLDEN LION RESTAURANT LTD,7816670,dissolved,ltd,28-02-2021,19-10-2011,['56101'],0,72 Exeter Road,Cullompton,EX15 1DZ,0,0,0,56101,0,0,0,TRUE,2011,2021,EX15 1DZ,50.85073,-3.394629966
31,OSTERIA DA FABRIZIO LIMITED,7816087,dissolved,ltd,30-04-2018,19-10-2011,['56101'],0,Concorde House Grenville Place,London,NW7 3SA,Mill Hill,0,0,56101,0,0,0,TRUE,2011,2018,NW7 3SA,51.61597999,-0.258650025
32,4 CORNERS RESTAURANTS LTD,7816725,dissolved,ltd,21-10-2014,20-10-2011,['56101'],0,18 Wesley Street,Southport,PR8 1BN,0,Merseyside,United Kingdom,56101,0,0,0,TRUE,2011,2014,PR8 1BN,53.64539,-3.004120031
33,HEALTHY LIVING CUISINE LTD,7819251,dissolved,ltd,16-03-2021,21-10-2011,['56101'],0,Georgian House Market Place,Newark,NG22 0LL,Tuxford,Nottinghamshire,England,56101,0,0,0,TRUE,2011,2021,NG22 0LL,53.23089998,-0.898120003
34,AKMAL'S LIMITED,7818374,dissolved,ltd,05-07-2016,20-10-2011,['56101'],0,105-107 Portland Street,Manchester,M1 6DF,0,0,United Kingdom,56101,0,0,0,TRUE,2011,2016,M1 6DF,53.47737999,-2.240139983
35,THE GREENROOM NEWBURY LTD,7818227,dissolved,ltd,11-08-2015,20-10-2011,['56101'],0,11 Dart Close,Thatcham,RG18 3DR,0,Berkshire,0,56101,0,0,0,TRUE,2011,2015,RG18 3,51.413965,-1.265894496
36,GREENSTONE CATERING LIMITED,7824916,dissolved,ltd,20-12-2016,27-10-2011,['56101'],0,18 The Ropewalk,Nottingham,NG1 5DT,0,0,0,56101,0,0,0,TRUE,2011,2016,NG1 5DT,52.95496002,-1.161300028
37,NEW GOSFORTH RESTAURANT LTD,7827492,dissolved,ltd,21-10-2014,28-10-2011,['56101'],0,12 Cottage Farm,Newcastle Upon Tyne,NE7 7RF,0,0,England,56101,0,0,0,TRUE,2011,2014,NE7 7RF,54.99884,-1.564639975
38,WOODY'S FOOD EMPORIUM LTD,7827088,dissolved,ltd,03-01-2017,28-10-2011,['56101'],0,Ty Mawr Gell,Abergele,LL22 8RF,Llangernyw,Clwyd,0,56101,0,0,0,TRUE,2011,2017,LL22 8RF,53.21756002,-3.712199993
39,CORCASTLE LIMITED,7827337,dissolved,ltd,21-10-2014,28-10-2011,"['56101', ' 56302', ' 73120']",0,3 Chester Road,Chester,WA6 0JE,Hapsford,Cheshire,England,56101,56302,73120,0,TRUE,2011,2014,WA6 0JE,53.26184002,-2.780309973
40,S W MIDLANDS LIMITED,7829704,dissolved,ltd,02-02-2016,31-10-2011,['56101'],0,167-170 Stafford Street,Wolverhampton,WV1 1NA,0,0,0,56101,0,0,0,TRUE,2011,2016,WV1 1NA,52.58790001,-2.126000003
41,BABA (KETTERING) LIMITED,7830129,dissolved,ltd,02-02-2016,01-11-2011,['56101'],0,Clarence House,Market Harborough,LE16 7NE,35 Clarence Street,Leicestershire,0,56101,0,0,0,TRUE,2011,2016,LE16 7NE,52.47907001,-0.914339992
42,PIZZA LOUNGE LIMITED,7830081,dissolved,ltd,26-09-2017,01-11-2011,['56101'],0,La Tavernetta,Southampton,SO14 7FJ,1-3 Civic Centre Road,Hampshire,0,56101,0,0,0,TRUE,2011,2017,SO14 7FJ,50.90674999,-1.405139985
43,FREEGAIN LTD,7831240,dissolved,ltd,15-10-2019,01-11-2011,['56101'],0,8 Chapel Hill,Stansted,CM24 8AG,0,Essex,0,56101,0,0,0,TRUE,2011,2019,CM24 8AG,51.90235002,0.198510038
44,RAJPUT SPICE LIMITED,7834103,dissolved,ltd,13-06-2017,03-11-2011,['56101'],0,The Cross And Bowling Green Pub,Redditch,B98 9DR,Alcester Road Beoley,West Midlands,0,56101,0,0,0,TRUE,2011,2017,B98 9,52.32409,-1.897943207
45,FD NOT LIMITED,7834231,dissolved,ltd,23-08-2019,03-11-2011,['56101'],0,No 1 Whitehall Riverside,Leeds,LS1 4BN,0,West Yorkshire,0,56101,0,0,0,TRUE,2011,2019,LS1 4BN,53.79476,-1.553739981
46,THE PACK RESTAURANT & BAR LIMITED,7835202,dissolved,ltd,20-07-2021,04-11-2011,['56101'],0,2-3 Winckley Court Chapel Street,Preston,PR1 8BU,0,Lancashire,0,56101,0,0,0,TRUE,2011,2021,PR1 8BU,53.75725002,-2.703029999
47,T MANAGEMENT LIMITED,7837715,dissolved,ltd,19-05-2015,07-11-2011,['56101'],0,Winston Churchill House,Birmingham,B2 4BG,Ethel Street,West Midlands,0,56101,0,0,0,TRUE,2011,2015,B2 4BG,52.47917,-1.901249998
48,NEW CROMBIES RESTAURANT LTD,7838550,dissolved,ltd,12-07-2016,08-11-2011,['56101'],0,New Crombies Restaurant,Darlington,DL1 1PD,36-40 Tubwell Row,County Durham,United Kingdom,56101,0,0,0,TRUE,2011,2016,DL1 1PD,54.52476002,-1.553479974
49,JADOO LTD,7847048,dissolved,ltd,23-04-2019,14-11-2011,['56101'],0,15 Church Lane,Middlesbrough,TS5 7EQ,Acklam,0,England,56101,0,0,0,TRUE,2011,2019,TS5 7EQ,54.54485002,-1.256330023
50,PRITIRAJ LTD,7845873,dissolved,ltd,23-06-2015,14-11-2011,['56101'],0,Unit 2-3 88 Mile End Road,London,E1 4UN,0,0,0,56101,0,0,0,TRUE,2011,2015,E1 4UN,51.52053999,-0.051730005
51,COOKING APE LIMITED,7847851,dissolved,ltd,27-01-2015,15-11-2011,['56101'],0,3 Geoffrey Road,Solihull,B90 2HW,Shirley,West Midlands,0,56101,0,0,0,TRUE,2011,2015,B90 2HW,52.41096,-1.841849965
52,YI PIN CHINA LTD,7848127,dissolved,ltd,24-11-2015,15-11-2011,['56101'],0,3rd Floor 19 Gerrard Street,London,WID 6JG,0,0,0,56101,0,0,0,TRUE,2011,2015,Wid,50.94382,17.29751
53,KADAM HATA LIMITED,7848492,dissolved,ltd,12-07-2019,15-11-2011,['56101'],0,Olympia House,London,NW11 8RQ,Armitage Road,0,0,56101,0,0,0,TRUE,2011,2019,NW11 8RQ,51.57286,-0.200120034
54,THE MERMAID'S SLIPPER LIMITED,7850495,active,ltd,0,16-11-2011,['56101'],0,The Norfolk Clinical Park Rowan House,Norwich,NR10 5RH,Buxton,Norfolk,England,56101,0,0,0,TRUE,2011,1970,NR10 5RH,52.76085999,1.280109985
55,ROLL WITH US LTD,7851112,dissolved,ltd,10-03-2015,17-11-2011,['56101'],0,2 Bramshot Way,Watford,WD19 7PS,0,0,0,56101,0,0,0,TRUE,2011,2015,WD19 7PS,51.62999998,-0.406230027
56,IKY'S CUISINE LIMITED,7850642,dissolved,ltd,24-02-2018,17-11-2011,['56101'],0,90 Berry Lane,Preston,PR3 3WH,Longridge,0,0,56101,0,0,0,TRUE,2011,2018,PR3 3WH,53.83287,-2.60603998
57,S & C NEPAL LIMITED,7848942,dissolved,ltd,17-01-2017,16-11-2011,['56101'],0,22 High Street,Woking,GU21 2PE,Knaphill,Surrey,England,56101,0,0,0,TRUE,2011,2017,GU21 2PE,51.31835998,-0.616740017
58,RAJMAHAL (FROMES HILL) LTD,7849705,dissolved,ltd,17-03-2015,16-11-2011,['56101'],0,Fromes Hill Fromes,Ledbury,HR8 1HT,Ledbury,Herefordshire,0,56101,0,0,0,TRUE,2011,2015,HR8 1HT,52.11613,-2.465149994
59,FAHRENHEIT UK LTD,7852634,dissolved,ltd,16-04-2020,18-11-2011,['56101'],0,116 High Street,Staines-Upon-Thames,TW18 4BY,0,Middlesex,0,56101,0,0,0,TRUE,2011,2020,TW18 4BY,51.43514998,-0.508650011
60,RJD CATERING LIMITED,7854059,dissolved,ltd,18-02-2020,21-11-2011,['56101'],0,18 Hill Top Road,Northwich,CW8 3RA,Acton Bridge,Cheshire,0,56101,0,0,0,TRUE,2011,2020,CW8 3RA,53.26948,-2.603969985
61,FLING FLONG LTD,7852101,dissolved,ltd,27-07-2017,18-11-2011,['56101'],0,3 Field Court,London,WC1R 5EF,0,0,0,56101,0,0,0,TRUE,2011,2017,WC1R 5EF,51.51912001,-0.113389967
62,FAT BELLY (BIRMINGHAM) LTD,7852776,dissolved,ltd,06-10-2015,18-11-2011,['56101'],0,15 Highfield Road,Birmingham,B28 0EL,Hall Green,West Midlands,0,56101,0,0,0,TRUE,2011,2015,B28 0EL,52.42850999,-1.843070035
63,SONALI GHAR LTD,7852406,dissolved,ltd,03-05-2016,18-11-2011,['56101'],0,339 Two Mile Hill Road,Bristol,BS15 1AN,Kingswood,0,0,56101,0,0,0,TRUE,2011,2016,BS15 1AN,51.46334,-2.514080025
64,THE LAUNDRY (LIVERPOOL) LIMITED,7852761,dissolved,ltd,05-07-2016,18-11-2011,['56101'],0,99-101 Lark Lane,Liverpool,L17 8UP,0,0,England,56101,0,0,0,TRUE,2011,2016,L17 8UP,53.38136001,-2.945909976
65,FORINS LIMITED,7853512,dissolved,ltd,08-12-2015,18-11-2011,['56101'],0,Oakwell House 12a Oakwell Avenue,Batley,WF17 8QA,Carlinghow,West Yorkshire,0,56101,0,0,0,TRUE,2011,2015,WF17 8QA,53.71965999,-1.659899969
66,RICKFORD LIMITED,7852440,dissolved,ltd,30-09-2014,18-11-2011,['56101'],0,Quantum House,Chertsey,KT16 9AX,Guildford Street,Surrey,England,56101,0,0,0,TRUE,2011,2014,KT16 9AX,51.38979999,-0.505730007
67,MULDECK LTD,7853188,dissolved,ltd,22-09-2020,18-11-2011,['56101'],0,59 Brackley Crescent,Basildon,SS13 1RA,0,0,England,56101,0,0,0,TRUE,2011,2020,SS13 1RA,51.58208001,0.499690008
68,CELTIC CARVERIES & ALEHOUSE LIMITED,7856504,dissolved,ltd,13-09-2018,22-11-2011,['56101'],0,10 St Helens Road,Swansea,SA1 4AW,0,0,0,56101,0,0,0,TRUE,2011,2018,SA1 4AW,51.61876001,-3.95123997
69,THE ORIGINAL ALPHABET SOUP LIMITED,7804332,dissolved,ltd,26-03-2019,10-10-2011,['56102'],0,13 Bowes Street,Blyth,NE24 1BD,0,Northumberland,0,56102,0,0,0,TRUE,2011,2019,NE24 1BD,55.12746999,-1.512539993
70,SEYMOUR CAFE LTD,7804464,dissolved,ltd,31-03-2020,10-10-2011,['56102'],0,Highfield House 149b Ermin Street,Gloucester,GL3 4HG,Brockworth,Gloucestershire,0,56102,0,0,0,TRUE,2011,2020,GL3 4HG,51.84411,-2.153589959
71,COOKVILLE RESTAURANT LTD,7803397,dissolved,ltd,18-12-2018,10-10-2011,['56102'],0,563 City Road,Sheffield,S2 1GL,0,0,0,56102,0,0,0,TRUE,2011,2018,S2 1GL,53.36521998,-1.435409971
72,CANDAN LTD,7804802,dissolved,ltd,17-03-2020,11-10-2011,['56102'],0,10 The Broadway,St. Ives,PE27 5BX,0,Cambridgeshire,0,56102,0,0,0,TRUE,2011,2020,PE27 5BX,52.32494998,-0.076679997
73,LAHORI MASALA & GRILL LTD.,7806159,dissolved,ltd,20-12-2016,11-10-2011,['56102'],0,906 Uxbridge Road,Hayes,UB4 0RW,0,0,0,56102,0,0,0,TRUE,2011,2016,UB4 0RW,51.52188998,-0.418459978
74,WWW.LUNCHINABAG.CO.UK LIMITED,7810115,dissolved,ltd,20-12-2016,14-10-2011,['56102'],0,3 Silchester Corner,Southend-On-Sea,SS3 0PX,Great Wakering,Essex,England,56102,0,0,0,TRUE,2011,2016,SS3 0PX,51.55295,0.761240004
75,MLC ENTERPRISES LTD,7812114,dissolved,ltd,16-03-2021,17-10-2011,['56102'],0,247 Hazel Road,Erith,DA8 2NB,0,Kent,0,56102,0,0,0,TRUE,2011,2021,DA8 2NB,51.46836998,0.193119971
76,GULCEM LTD,7812724,dissolved,ltd,01-03-2016,17-10-2011,['56102'],0,147 Cranbrook Road,Ilford,IG1 4PU,0,Essex,United Kingdom,56102,0,0,0,TRUE,2011,2016,IG1 4PU,51.56214998,0.068409992
77,K STAND LTD.,7815039,dissolved,ltd,12-11-2019,19-10-2011,['56102'],0,Colman House,Birmingham,B3 1RS,121 Livery Street,0,0,56102,0,0,0,TRUE,2011,2019,B3 1RS,52.48816001,-1.906769984
78,KELTIX LIMITED,7817603,dissolved,ltd,20-12-2016,20-10-2011,['56102'],0,101 Kingsway Holborn,London,WC2B 6QX,0,0,0,56102,0,0,0,TRUE,2011,2016,WC2B 6QX,51.51641002,-0.119819976
79,FLEXLOG LIMITED,7817387,dissolved,ltd,26-04-2018,20-10-2011,['56102'],0,212 Mile End Road,London,E1 4LJ,0,0,0,56102,0,0,0,TRUE,2011,2018,E1 4LJ,51.52132999,-0.047929985
80,TASTE CATERING LIMITED,7820925,dissolved,ltd,21-10-2014,24-10-2011,['56102'],0,353 Southwark Park Road,London,SE16 2JN,0,0,United Kingdom,56102,0,0,0,TRUE,2011,2014,SE16 2JN,51.49311998,-0.058009978
81,SY CATERING LTD,7824598,dissolved,ltd,06-09-2016,26-10-2011,['56102'],0,41 Palmerston Road,Walthamstow,E17 6PR,0,London,0,56102,0,0,0,TRUE,2011,2016,E17 6PR,51.58674001,-0.029730024
82,EMILE'S  PENARTH LIMITED,7825387,dissolved,ltd,14-10-2014,27-10-2011,['56102'],0,The Old Coach House,Penarth,CF64 2UW,3a Cornerswell Road,Vale Of Glamorgan,Wales,56102,0,0,0,TRUE,2011,2014,CF64 2UW,51.43701999,-3.180260026
83,FARMHOUSE WHITBEY PARADE LIMITED,7828206,dissolved,ltd,31-03-2015,31-10-2011,['56102'],0,5 Whitbey Parade,South Ruislip,HA4 9EA,Whitbey Road,Middlesex,0,56102,0,0,0,TRUE,2011,2015,HA4 9EA,51.56777998,-0.395820039
84,NOAH'S ARK CAFE LIMITED,7830262,dissolved,ltd,29-03-2016,01-11-2011,['56102'],0,10 Chapel Road,Ilford,IG1 2AG,0,Essex,0,56102,0,0,0,TRUE,2011,2016,IG1 2AG,51.55749002,0.069910018
85,BIG RICH'S COMMUNITY CAFE LIMITED,7830812,dissolved,ltd,24-02-2015,01-11-2011,['56102'],0,Court Farm Main Street,Bristol,BS40 6JF,Compton Martin,0,0,56102,0,0,0,TRUE,2011,2015,BS40 6JF,51.31183002,-2.66028003
86,D HOUSE LIMITED,7837464,dissolved,ltd,17-03-2015,07-11-2011,['56102'],0,Winston Churchill House,Birmingham,B2 4BG,Ethel Street,West Midlands,0,56102,0,0,0,TRUE,2011,2015,B2 4BG,52.47917,-1.901249998
87,CANOPY ESSEX LIMITED,7841740,dissolved,ltd,14-01-2020,10-11-2011,['56102'],0,141 Beehive Lane,Ilford,IG4 5DR,0,0,England,56102,0,0,0,TRUE,2011,2020,IG4 5,51.58222804,0.049418549
88,CAFE ROSSIO LIMITED,7848858,active,ltd,0,16-11-2011,['56102'],0,1100 Harrow Road,London,NW10 5NL,0,0,0,56102,0,0,0,TRUE,2011,1970,NW10 5NL,51.53202002,-0.232439982
89,PARATHA WRAPS LIMITED,7849454,dissolved,ltd,27-06-2017,16-11-2011,['56102'],0,3b Fairfax Street,Coventry,CV1 5SR,0,0,0,56102,0,0,0,TRUE,2011,2017,CV1 5SR,52.41010999,-1.508009993
90,JUST @ LIMITED,7851428,dissolved,ltd,08-12-2015,17-11-2011,['56102'],0,5 St John'S Ways,London,N19 3QS,0,0,0,56102,0,0,0,TRUE,2011,2015,N19 3QS,51.56585001,-0.134240035
91,THE PARADE CAFE LTD,7850357,dissolved,ltd,23-07-2019,16-11-2011,['56102'],0,Sea Acres,Skegness,PE25 3BB,Gibraltar Road,Lincolnshire,0,56102,0,0,0,TRUE,2011,2019,PE25 3BB,53.12250999,0.335390037
92,C & G BARS LIMITED,7803532,dissolved,ltd,08-03-2016,10-10-2011,['56302'],0,451 Saffron Lane,Leicester,LE2 6UG,0,Leicestershire,0,56302,0,0,0,TRUE,2011,2016,LE2 6UG,52.60356,-1.139370036
93,A RICKERBY LIMITED,7805710,dissolved,ltd,28-03-2017,11-10-2011,['56302'],0,The Ship Inn,Carlisle,CA5 6PE,Thursby,Cumbria,0,56302,0,0,0,TRUE,2011,2017,CA5 6PE,54.84239999,-3.050740009
94,OSCAR VEGAS LIMITED,7804975,liquidation,ltd,0,11-10-2011,['56302'],0,"Suite 4, Portfolio House, 3",Dorchester,DT1 1TP,Princes Street,Dorset,0,56302,0,0,0,TRUE,2011,1970,DT1 1TP,50.71472,-2.438820006
95,FIZZY PUBS LTD,7807051,dissolved,ltd,15-12-2015,12-10-2011,['56302'],0,32 Elgin Street,Swansea,SA5 8QF,Manselton,0,Wales,56302,0,0,0,TRUE,2011,2015,SA5 8QF,51.63993002,-3.951459995
96,STAG'S HEAD (KNAITH PARK) LIMITED,7808901,dissolved,ltd,27-10-2015,13-10-2011,['56302'],0,107 Cleethorpe Road,Grimsby,DN31 3ER,0,N E Lincs,0,56302,0,0,0,TRUE,2011,2015,DN31 3ER,53.57517999,-0.072289975
97,PIPINNS HERITAGE PUB LTD,7810204,dissolved,ltd,03-01-2017,14-10-2011,['56302'],0,The Rock Inn Hoath Corner,Edenbridge,TN8 7BS,Chiddinstone Hoath,Kent,0,56302,0,0,0,TRUE,2011,2017,TN8 7BS,51.16750001,0.14006001
98,REGAL TRADE LIMITED,7809417,dissolved,ltd,27-02-2018,13-10-2011,['56302'],0,51 High Street,Scunthorpe,DN17 4LB,Crowle,North Lincolnshire,0,56302,0,0,0,TRUE,2011,2018,DN17 4LB,53.60649998,-0.832939977
99,HOLDENS INN LIMITED,7810444,dissolved,ltd,29-09-2015,14-10-2011,['56302'],0,6b Parkway,St. Albans,AL3 6PA,Porters Wood,Hertfordshire,United Kingdom,56302,0,0,0,TRUE,2011,2015,AL3 6PA,51.77153001,-0.325870039
100,BEANIES BARS LIMITED,7802435,dissolved,ltd,19-05-2015,07-10-2011,['56302'],0,Layton House 3-5 Westcliffe Drive,Blackpool,FY3 7BJ,Layton Square,0,0,56302,0,0,0,TRUE,2011,2015,FY3 7BJ,53.82832001,-3.030629979
101,HOLYWELL INNS LTD,7803315,dissolved,ltd,28-12-2016,10-10-2011,['56302'],0,Eagle Point,Segensworth Fareham,PO15 5TD,Little Park Farm Road,Hampshire,0,56302,0,0,0,TRUE,2011,2016,PO15 5TD,50.87013,-1.256409987
102,WYNDER VETINARI & POONS LTD,7812685,dissolved,ltd,16-02-2016,17-10-2011,['56302'],0,Queens Head Hotel,Rye,TN31 7LH,Landgate,East Sussex,0,56302,0,0,0,TRUE,2011,2016,TN31 7LH,50.95342998,0.735279993
103,SENTRY PUBS LTD,7814291,dissolved,ltd,03-11-2016,18-10-2011,['56302'],0,Xl Business Solutions Ltd Premier House,Cleckheaton,BD19 3TT,Bradford Road,0,0,56302,0,0,0,TRUE,2011,2016,BD19 3TT,53.73075,-1.719060029
104,BLACK BULL INN (WELTON) LIMITED,7817085,dissolved,ltd,16-03-2021,20-10-2011,['56302'],0,9 Lincoln Road,Lincoln,LN2 3HZ,Welton,0,0,56302,0,0,0,TRUE,2011,2021,LN2 3HZ,53.30499999,-0.484060021
105,FRANK'S FRONT ROOM LIMITED,7818005,dissolved,ltd,07-10-2014,20-10-2011,['56302'],0,93 Bohemia Road,St Leonards On Sea,TN37 6RJ,0,East Sussex,England,56302,0,0,0,TRUE,2011,2014,TN37 6RJ,50.86243,0.559850028
106,MULBERRY HOSPITALITY LIMITED,7816594,dissolved,ltd,22-03-2022,19-10-2011,['56302'],0,6 Ickworth Crescent,Ipswich,IP4 5PQ,Bixley Farm,Suffolk,0,56302,0,0,0,TRUE,2011,2022,IP4 5PQ,52.05354999,1.219240018
107,SHAFREE LIMITED,7819035,dissolved,ltd,20-12-2016,21-10-2011,['56302'],0,Unit 174-176 Station Road,Harrow,HA1 2RH,0,Middlesex,0,56302,0,0,0,TRUE,2011,2016,HA1 2RH,51.58423001,-0.331729995
108,THREE GRACES LTD,7817999,dissolved,ltd,25-11-2016,20-10-2011,['56302'],0,Saxon House,Cheltenham,GL52 6QX,Saxon Way,Gloucestershire,0,56302,0,0,0,TRUE,2011,2016,GL52 6QX,51.89498999,-2.059130018
109,THE FLYING CLUB CAFE LIMITED,7818119,dissolved,ltd,10-02-2015,20-10-2011,['56302'],0,The Annexe Treedogan Middle House,Barry,CF62 3BS,Tredogan,South Glamorgan,0,56302,0,0,0,TRUE,2011,2015,CF62 3BS,51.40100001,-3.338659975
110,THE RIFLEMAN (NANTWICH) LIMITED,7820449,dissolved,ltd,28-06-2016,24-10-2011,['56302'],0,The Rifleman 68 James Hall Street,Cheshire,CW5 5QE,Nantwich,0,0,56302,0,0,0,TRUE,2011,2016,CW5 5QE,53.07213999,-2.518359992
111,B B MANAGEMENT LIMITED,7824754,dissolved,ltd,16-02-2016,26-10-2011,['56302'],0,107 Cliff Gardens,Scunthorpe,DN15 7BJ,0,South Humberside,0,56302,0,0,0,TRUE,2011,2016,DN15 7BJ,53.58811,-0.662270012
112,RL FOUNTAINS LIMITED,7825490,dissolved,ltd,26-11-2016,27-10-2011,['56302'],0,WILSON FIELD LIMITED,Sheffield,S11 9PS,The Manor House 260 Ecclesall Road South,South Yorkshire,0,56302,0,0,0,TRUE,2011,2016,S11 9PS,53.35347002,-1.516100039
113,THE BEER & BOOZE LIMITED,7825044,dissolved,ltd,19-01-2016,27-10-2011,['56302'],0,35 Muriel Road,Leicester,LE3 6BH,0,0,England,56302,0,0,0,TRUE,2011,2016,LE3 6BH,52.63436002,-1.156359986
114,CROSS KEYS (DARFIELD) LTD,7826632,dissolved,ltd,04-04-2017,27-10-2011,['56302'],0,The Cross Keys Church Street,Barnsley,S73 9JX,Darfield,South Yorkshire,0,56302,0,0,0,TRUE,2011,2017,S73 9JX,53.53368999,-1.370720035
115,BUCKINGHAMS BLACKPOOL LIMITED,7827886,dissolved,ltd,05-04-2016,28-10-2011,['56302'],0,Carringtons Accountants,Bradford,BD1 4AB,14 Mill Street,West Yorkshire,United Kingdom,56302,0,0,0,TRUE,2011,2016,BD1 4AB,53.79705002,-1.749729999
116,PROGRESSIVE INNS NW LIMITED,7829267,active,ltd,0,31-10-2011,['56302'],0,Hanover Buildings,Liverpool,L1 3DN,11-13 Hanover Street,Merseyside,0,56302,0,0,0,TRUE,2011,1970,L1 3DN,53.40324,-2.984760014
117,THE GUNMAKERS PUBLIC HOUSE LIMITED,7826465,dissolved,ltd,02-07-2019,27-10-2011,['56302'],0,14 Gloucester Place Mews,London,W1U 8BA,0,0,0,56302,0,0,0,TRUE,2011,2019,W1U 8BA,51.51769999,-0.158389974
118,BLACK HORSE NW LTD,7828296,dissolved,ltd,14-08-2018,31-10-2011,['56302'],0,20 Stanley Avenue,Wirral,CH63 5QF,0,0,0,56302,0,0,0,TRUE,2011,2018,CH63 5QF,53.36378001,-3.036230012
119,BAPH LIMITED,7831357,dissolved,ltd,10-11-2015,01-11-2011,['56302'],0,1st Floor,Frinton-On-Sea,CO13 9AB,143 Connaught Avenue,Essex,United Kingdom,56302,0,0,0,TRUE,2011,2015,CO13 9AB,51.83442999,1.244620002
120,THE KERRYMAN PUB COMPANY LIMITED,7830599,dissolved,ltd,02-05-2017,01-11-2011,"['56302', ' 96090']",0,35 Ludgate Hill,Birmingham,B3 1EH,0,0,0,56302,96090,0,0,TRUE,2011,2017,B3 1EH,52.48452,-1.90480996
121,LEISURE 24/7 LIMITED,7830672,dissolved,ltd,16-06-2015,01-11-2011,['56302'],0,Middleton Mill,Taunton,TA3 7PT,Churchstanton,Somerset,0,56302,0,0,0,TRUE,2011,2015,TA3 7PT,50.89783001,-3.151080023
122,FURSTY MEDIA LIMITED,7831606,dissolved,ltd,22-10-2014,02-11-2011,['56302'],0,Wesley House Huddersfield Road,Batley,WF17 9EJ,Birstall,0,0,56302,0,0,0,TRUE,2011,2014,WF17 9EJ,53.73122002,-1.659490011
123,MORLEY WOOD (BRANDON) LIMITED,7831420,dissolved,ltd,25-04-2017,01-11-2011,['56302'],0,Innscribe Uk,Bradford,BD14 AB,14 Mill Street,West Yorkshire,0,56302,0,0,0,TRUE,2011,2017,BD1 4AB,53.79705002,-1.749729999
124,RLM SOUTH LTD,7831755,dissolved,ltd,01-09-2015,02-11-2011,['56302'],0,2 Acorn Court,Wymondham,NR18 9AL,Bridge Industrial Estate,Norfolk,0,56302,0,0,0,TRUE,2011,2015,NR18 9AL,52.56369999,1.115529975
125,RLM WEST LTD,7831710,dissolved,ltd,14-10-2014,02-11-2011,['56302'],0,2 Acorn Court,Wymondham,NR18 9AL,Bridge Industrial Estate,Norfolk,England,56302,0,0,0,TRUE,2011,2014,NR18 9AL,52.56369999,1.115529975
126,JAM TREE CLAPHAM LTD,7832556,dissolved,ltd,13-04-2021,02-11-2011,['56302'],0,Aquum,London,SW4 7UL,68-70 Clapham High Street,0,England,56302,0,0,0,TRUE,2011,2021,SW4 7,51.461815,-0.131825337
127,HQ BAR (GRAVESEND) LTD,7832593,dissolved,ltd,12-07-2016,02-11-2011,['56302'],0,3a Windmill Street,Gravesend,DA12 1AD,0,Kent,England,56302,0,0,0,TRUE,2011,2016,DA12 1AD,51.44175999,0.369540006
128,BROADOAK ENTERPRISES LIMITED,7837595,dissolved,ltd,16-06-2015,07-11-2011,['56302'],0,58 High Street,Rochester,ME1 1LD,0,Kent,0,56302,0,0,0,TRUE,2011,2015,ME1 1LD,51.39020002,0.503200013
129,THE SCOTLAND (BIRSTALL) LTD,7836327,dissolved,ltd,31-10-2017,04-11-2011,['56302'],0,691 Bradford Road,Bradford,BD11 2AU,Birkenshaw,West Yorkshire,England,56302,0,0,0,TRUE,2011,2017,BD11 2AU,53.75648999,-1.695249976
130,A & M BARS LIMITED,7838496,dissolved,ltd,17-08-2019,08-11-2011,['56302'],0,7 Smithford Walk,Liverpool,L35 1SF,0,0,0,56302,0,0,0,TRUE,2011,2019,L35 1SF,53.39735,-2.820270026
131,KILMARNOCK PUB CO LIMITED,7845082,dissolved,ltd,29-03-2016,11-11-2011,['56302'],0,"5th Floor, Ergon House",London,SW1P 2AL,Horseferry Road,0,0,56302,0,0,0,TRUE,2011,2016,SW1P 2AL,51.49494749,-0.126705039
132,FERRY HOUSE PUB MANAGEMENT LTD,7846782,dissolved,ltd,17-11-2020,14-11-2011,['56302'],0,26 Ferry Street,London,E14 3DT,0,0,England,56302,0,0,0,TRUE,2011,2020,E14 3DT,51.48651999,-0.012119981
133,STOKER LEISURE LIMITED,7847078,dissolved,ltd,05-01-2016,14-11-2011,['56302'],0,15 Olive Street,Sunderland,SR1 3PE,0,0,England,56302,0,0,0,TRUE,2011,2016,SR1 3PE,54.90312001,-1.385939979
134,BRIGHTSTAR LEISURE LTD,7847659,dissolved,ltd,12-07-2016,15-11-2011,['56302'],0,Abertawe House Ystrad Road,Swansea,SA5 4JB,Fforestfach,0,0,56302,0,0,0,TRUE,2011,2016,SA5 4JB,51.64604001,-4.00145
135,CROSS KEYS (PONTEFRACT) LIMITED,7847852,dissolved,ltd,07-06-2016,15-11-2011,['56302'],0,Innscribe Uk,Bradford,BD1 4AB,14 Mill Street,West Yorkshire,0,56302,0,0,0,TRUE,2011,2016,BD1 4AB,53.79705002,-1.749729999
136,THE WHEEL INN (U.K) LIMITED,7848262,dissolved,ltd,12-12-2017,15-11-2011,['56302'],0,81 Roseneath Avenue,Leicester,LE4 7GU,0,0,0,56302,0,0,0,TRUE,2011,2017,LE4 7GU,52.65895998,-1.097809962
137,YOURTUBEZ LIMITED,7850473,dissolved,ltd,14-01-2020,16-11-2011,['56302'],0,10 Hanover Street,Bromsgrove,B61 7JH,0,Worcestershire,0,56302,0,0,0,TRUE,2011,2020,B61 7JH,52.33238,-2.064580015
138,INVITING INNS LIMITED,7852698,dissolved,ltd,01-09-2015,18-11-2011,['56302'],0,The King George Moss Lane,Altrincham,WA15 8BA,Hale,Cheshire,0,56302,0,0,0,TRUE,2011,2015,WA15 8BA,53.38200998,-2.332070015
139,ANCIENT & IMPERIAL PUB COMPANY LIMITED,7850053,dissolved,ltd,16-04-2019,16-11-2011,['56302'],0,Reedham House,Manchester,M3 2PJ,31 King Street West,Lancashire,0,56302,0,0,0,TRUE,2011,2019,M3 2PJ,53.48172001,-2.249619999
140,CHIPPENHAM LEISURE LTD,7850977,dissolved,ltd,23-12-2014,17-11-2011,['56302'],0,22 Market Place,Chippenham,SN15 3HW,0,0,England,56302,0,0,0,TRUE,2011,2014,SN15 3HW,51.4574,-2.113509961
141,H & H TAVERN LTD,7855248,dissolved,ltd,26-09-2017,21-11-2011,['56302'],0,157 Waterloo Road,Wokingham,RG40 2JN,0,Berkshire,0,56302,0,0,0,TRUE,2011,2017,RG40 2JN,51.40588,-0.813420033
142,PAC MAC LTD,7856494,dissolved,ltd,03-03-2015,22-11-2011,['56302'],0,The Brick Kiln Public House Norwich Road,Norwich,NR13 5JH,Little Plumstead,Norfolk,0,56302,0,0,0,TRUE,2011,2015,NR13 5JH,52.66197998,1.418469977
143,RIDGE AND FURROW INNS LTD,7856573,dissolved,ltd,01-07-2019,22-11-2011,['56302'],0,WILSON FIELD LTD,Sheffield,S11 9PS,The Manor House 260 Ecclesall Road South,0,0,56302,0,0,0,TRUE,2011,2019,S11 9PS,53.35347002,-1.516100039
144,BOOTH LEISURE LTD,7854700,dissolved,ltd,05-11-2020,21-11-2011,['56302'],0,Bulman House Regent Centre,Newcastle Upon Tyne,NE3 3LS,Gosforth,0,0,56302,0,0,0,TRUE,2011,2020,NE3 3LS,55.01062999,-1.621600036
145,THE TALBOT INN GRETTON LTD,7855555,dissolved,ltd,16-06-2015,21-11-2011,['56302'],0,Federation House,Kettering,NN16 8JS,36/38 Rockingham Road,Northants,0,56302,0,0,0,TRUE,2011,2015,NN16 8JS,52.40326998,-0.726300041
146,HILLARY AND SCOTT LIMITED,7856681,active,ltd,0,22-11-2011,['56302'],0,Four Alls York House,Market Drayton,TF9 2AG,Woodseaves,0,England,56302,0,0,0,TRUE,2011,1970,TF9 2AG,52.88592,-2.473129985
147,THE NEW IVY LEAF CLUB LTD,7806175,receivership,private-limited-guarant-nsc,0,11-10-2011,['56301'],0,38a Suffolk Street,Sunderland,SR2 8JZ,0,Tyne And Wear,0,56301,0,0,0,TRUE,2011,1970,SR2 8JZ,54.89831001,-1.370260036
148,FRIAR PARK SOCIAL CLUB LTD,7825728,dissolved,private-limited-guarant-nsc,17-10-2017,27-10-2011,['56301'],0,334 Adams Hill,Birmingham,B32 3PD,0,West Midlands,0,56301,0,0,0,TRUE,2011,2017,B32 3PD,52.43950998,-2.007920026
149,MAD STAR LTD,7845337,dissolved,ltd,28-10-2014,11-11-2011,['56301'],0,One Great Cumberland Place,London,W1H 7LW,Marble Arch,0,0,56301,0,0,0,TRUE,2011,2014,W1H 7,51.514925,-0.158876161
150,DELIGHTFULLY LTD,7805488,dissolved,ltd,28-03-2017,11-10-2011,['56103'],0,49 High Street,Saffron Walden,CB10 1AR,0,Essex,0,56103,0,0,0,TRUE,2011,2017,CB10 1AR,52.02234999,0.238979962
151,KASABA LTD,7804844,dissolved,ltd,17-11-2020,11-10-2011,['56103'],0,8 The Broadway,St. Ives,PE27 5BN,0,Cambridgeshire,0,56103,0,0,0,TRUE,2011,2020,PE27 5BN,52.32492002,-0.075810039
152,SANTOS KEBAB HOUSE LTD,7803769,dissolved,ltd,15-09-2015,10-10-2011,['56103'],0,22 Bury Old Road,Salford,M7 4QJ,0,0,0,56103,0,0,0,TRUE,2011,2015,M7 4QJ,53.51356001,-2.246219964
153,TM STAR LONDON LIMITED,7804352,dissolved,ltd,18-12-2018,10-10-2011,['56103'],0,103 Kenton Road,Harrow,HA3 0AN,0,Middlesex,0,56103,0,0,0,TRUE,2011,2018,HA3 0AN,51.58113001,-0.318360021
154,LH (DEVON) LTD,7804956,dissolved,ltd,17-02-2015,11-10-2011,['56103'],0,Winston Churchill House,Birmingham,B2 4BG,Ethel Street,West Midlands,0,56103,0,0,0,TRUE,2011,2015,B2 4BG,52.47917,-1.901249998
155,KC (BOLTON) LIMITED,7805172,dissolved,ltd,22-03-2016,11-10-2011,['56103'],0,90-92 Bradshawgate,Bolton,BL1 1QQ,0,0,0,56103,0,0,0,TRUE,2011,2016,BL1 1QQ,53.57703998,-2.426110023
156,MINOX LTD,7807375,dissolved,ltd,26-01-2016,12-10-2011,['56103'],0,C/O 174 Bounces Road,London,N9 8LA,0,0,0,56103,0,0,0,TRUE,2011,2016,N9 8LA,51.62779998,-0.047520027
157,S P (HANTS) LIMITED,7807044,dissolved,ltd,31-01-2017,12-10-2011,['56103'],0,19 Garbett Road,Winchester,SO23 0NY,Winnall,Hampshire,0,56103,0,0,0,TRUE,2011,2017,SO23 0NY,51.06478,-1.300009965
158,CK FOODS LTD,7805844,dissolved,ltd,12-09-2017,11-10-2011,['56103'],0,13 Wendover Road,Birmingham,B65 8LU,Rowley Regis,0,0,56103,0,0,0,TRUE,2011,2017,B65 8LU,52.49279001,-2.059060029
159,ALHAS LIMITED,7808569,dissolved,ltd,26-05-2015,13-10-2011,['56103'],0,10 James Reckitt Avenue,Hull,HU8 7TP,0,0,0,56103,0,0,0,TRUE,2011,2015,HU8 7TP,53.75885,-0.320660016
160,H & A GUILDFORD LIMITED,7808860,dissolved,ltd,19-05-2015,13-10-2011,['56103'],0,7 Westmoreland House,London,NW10 6RE,Scrubs Lane,0,0,56103,0,0,0,TRUE,2011,2015,NW10 6RE,51.52948001,-0.236920025
161,BEXMILL LIMITED,7808863,dissolved,ltd,28-03-2017,13-10-2011,['56103'],0,25 Hanbury Road,Newport,CF81 8QT,Bargoed,Cardiff,0,56103,0,0,0,TRUE,2011,2017,CF81 8QT,51.68886001,-3.228859977
162,CHICKEN LANE LIMITED,7807979,dissolved,ltd,30-06-2015,12-10-2011,['56103'],0,179 Firs Lane,Leigh,WN7 4SU,0,Lancashire,0,56103,0,0,0,TRUE,2011,2015,WN7 4SU,53.49797998,-2.538570018
163,WORDLOCK LTD,7809926,dissolved,ltd,07-10-2014,14-10-2011,['56103'],0,Winston Churchill House,Birmingham,B2 4BG,Ethel Street,West Midlands,United Kingdom,56103,0,0,0,TRUE,2011,2014,B2 4BG,52.47917,-1.901249998
164,S&B FRYERS LTD,7810342,dissolved,ltd,08-12-2015,14-10-2011,['56103'],0,111 Malling Road,Snodland,ME6 5AB,0,Kent,0,56103,0,0,0,TRUE,2011,2015,ME6 5AB,51.32803999,0.441699978
165,SOPHIAN LIMITED,7813052,dissolved,ltd,08-03-2016,17-10-2011,['56103'],0,114 Hamlet Court Road,Westcliff-On-Sea,SS0 7LP,0,Essex,0,56103,0,0,0,TRUE,2011,2016,SS0 7LP,51.53918998,0.693929969
166,SIZZLES (LEICESTER) LIMITED,7812135,dissolved,ltd,21-10-2014,17-10-2011,['56103'],0,40 Hall Road,Leicester,LE7 9SX,Scraptoft,Leicestershire,England,56103,0,0,0,TRUE,2011,2014,LE7 9SX,52.64705998,-1.044840022
167,J STOCK LIMITED,7814410,dissolved,ltd,09-06-2015,18-10-2011,['56103'],0,Winston Churchill House,Birmingham,B2 4BG,Ethel Street,West Midlands,0,56103,0,0,0,TRUE,2011,2015,B2 4BG,52.47917,-1.901249998
168,CASPER PIZZA LIMITED,7814313,dissolved,ltd,09-06-2015,18-10-2011,['56103'],0,3 Rossgate,Hemel Hempstead,HP1 3LG,0,Herts,0,56103,0,0,0,TRUE,2011,2015,HP1 3LG,51.76505,-0.488969973
169,FULL HOUSE (HWK) LTD,7814629,dissolved,ltd,13-05-2017,18-10-2011,['56103'],0,10-12 New College Parade,London,NW3 5EP,Finchley Road,0,England,56103,0,0,0,TRUE,2011,2017,NW3 5EP,51.54524,-0.176780038
170,KHAN'S BENFLEET LTD,7815126,dissolved,ltd,17-02-2015,19-10-2011,['56103'],0,267 Kiln Road,Benfleet,SS7 1RU,0,Essex,0,56103,0,0,0,TRUE,2011,2015,SS7 1RU,51.55940001,0.597119993
171,NUMBER 1 CHEF LIMITED,7815530,dissolved,ltd,22-11-2016,19-10-2011,['56103'],0,Suite 311 Ajp Business Centre,London,NW2 7HD,152-154 Coles Green Road,0,0,56103,0,0,0,TRUE,2011,2016,NW2 7HD,51.56875002,-0.235619992
172,K STOCK LIMITED,7814495,dissolved,ltd,17-02-2015,18-10-2011,['56103'],0,Winston Churchill House,Birmingham,B2 4BG,Ethel Street,West Midlands,0,56103,0,0,0,TRUE,2011,2015,B2 4BG,52.47917,-1.901249998
173,MAC'S GRIDDLE LTD,7815571,dissolved,ltd,27-03-2018,19-10-2011,['56103'],0,6 Stainer Close,Newton Le Willows,WA12 9WY,0,Merseyside,0,56103,0,0,0,TRUE,2011,2018,WA12 9WY,53.45956002,-2.638620018
174,EL TURKISTAN LIMITED,7815535,active,ltd,0,19-10-2011,['56103'],0,9 The Parade,Tadworth,KT20 6AT,Brighton Road,Surrey,0,56103,0,0,0,TRUE,2011,1970,KT20 6,51.29564651,-0.203405
175,THE CHICKEN PLACE LTD,7816247,dissolved,ltd,31-03-2015,19-10-2011,['56103'],0,84 Kingsley Road,Hounslow,TW3 1QA,0,0,0,56103,0,0,0,TRUE,2011,2015,TW3 1QA,51.47243001,-0.356430039
176,BESOZ LIMITED,7817677,dissolved,ltd,24-03-2020,20-10-2011,['56103'],0,117 Hatton Avenue,Slough,SL2 1PJ,0,Berkshire,0,56103,0,0,0,TRUE,2011,2020,SL2 1PJ,51.53079001,-0.609929972
177,EXOBELL LIMITED,7817495,dissolved,ltd,09-06-2015,20-10-2011,['56103'],0,287 Kentish Town Road,London,NW5 2JS,0,0,0,56103,0,0,0,TRUE,2011,2015,NW5 2JS,51.54888,-0.141310003
178,BRITTONS OF NEW OSCOTT LIMITED,7819751,dissolved,ltd,07-04-2015,21-10-2011,['56103'],0,Alexander House,Birmingham,B1 3EG,60 - 61 Tenby Street North,0,0,56103,0,0,0,TRUE,2011,2015,B1 3EG,52.48627999,-1.914170031
179,GLOBAL FAST FOOD LTD,7819923,dissolved,ltd,13-09-2016,24-10-2011,['56103'],0,Suite 11 Tredegar Chambers,Newport,NP20 4AQ,Bridge Street,Gwent,Wales,56103,0,0,0,TRUE,2011,2016,NP20 4AQ,51.58789998,-2.99832998
180,APOLLO FAST FOOD LIMITED,7823333,dissolved,ltd,05-07-2016,26-10-2011,['56103'],0,Flat 2 12 Coniscliffe Road,London,N13 5NW,Palmers Green,0,United Kingdom,56103,0,0,0,TRUE,2011,2016,N13 5NW,51.6219,-0.089299958
181,WATERLOO TAKEAWAY LIMITED,7826137,dissolved,ltd,16-06-2015,27-10-2011,['56103'],0,109 South Road,Liverpool,L22 0LT,0,0,0,56103,0,0,0,TRUE,2011,2015,L22 0LT,53.47599999,-3.023829992
182,POPEYES (MORETON) LIMITED,7827784,dissolved,ltd,28-11-2017,28-10-2011,['56103'],0,18 Upton Road,Wirral,CH46 0PA,Moreton,Merseyside,0,56103,0,0,0,TRUE,2011,2017,CH46 0PA,53.39994,-3.111130029
183,ALI BABA LANCASTER LTD,7829434,dissolved,ltd,24-05-2022,31-10-2011,['56103'],0,95 King Street,Lancaster,LA1 1RH,0,Lancs,0,56103,0,0,0,TRUE,2011,2022,LA1 1RH,54.04624002,-2.800540031
184,WIRRAL LIMITED,7829598,dissolved,ltd,16-06-2015,31-10-2011,['56103'],0,77 Wallasey Village,Wallasey,CH45 3LE,0,Wirral,0,56103,0,0,0,TRUE,2011,2015,CH45 3LE,53.42285998,-3.064409971
185,MY MR CHICKEN LIMITED,7828826,dissolved,ltd,21-10-2014,31-10-2011,['56103'],0,159 The Pastures,High Wycombe,HP13 5RP,0,Buckinghamshire,0,56103,0,0,0,TRUE,2011,2014,HP13 5RP,51.64053,-0.768490015
186,MURAT (UK) LIMITED,7830235,dissolved,ltd,25-07-2019,01-11-2011,['56103'],0,Craftwork Studios,London,EC1Y 8NA,1-3 Dufferin Street,0,0,56103,0,0,0,TRUE,2011,2019,EC1Y 8NA,51.52267,-0.092479968
187,AMMURAPI LIMITED,7830805,dissolved,ltd,07-04-2020,01-11-2011,['56103'],0,21 Edensor Gardens,London,W4 2QY,0,0,England,56103,0,0,0,TRUE,2011,2020,W4 2QY,51.48216001,-0.253849961
188,BENUSEN LIMITED,7831990,dissolved,ltd,04-11-2014,02-11-2011,['56103'],0,266-268 High Street,Waltham Cross,EN8 7EA,0,Hertfordshire,England,56103,0,0,0,TRUE,2011,2014,EN8 7EA,51.69124001,-0.033830032
189,AFTALA LIMITED,7839074,dissolved,ltd,11-07-2022,08-11-2011,['56103'],0,C/O Anderson Brookes Insolvency Practitioners Limi 4th Floor Churchgate House,Bolton,BL1 1HL,30 Churchgate,0,0,56103,0,0,0,TRUE,2011,2022,BL1 1HL,53.57956,-2.425859991
190,SUBEATER LIMITED,7837384,dissolved,ltd,04-05-2020,07-11-2011,"['56103', ' 56290']",0,Quadrant House,London,E1W 1YW,4 Thomas More Square,0,0,56103,56290,0,0,TRUE,2011,2020,E1W 1YW,51.50768999,-0.06732001
191,SHUM & MO ENTERPRISE LTD,7843383,dissolved,ltd,16-06-2015,11-11-2011,['56103'],0,87 North Road,Poole,BH14 0LT,0,Dorset,0,56103,0,0,0,TRUE,2011,2015,BH14 0LT,50.72494999,-1.959229969
192,PIZZA VALO LIMITED,7849013,dissolved,ltd,02-05-2017,16-11-2011,['56103'],0,293 Green Lanes,London,N13 4XS,Palmers Green,0,0,56103,0,0,0,TRUE,2011,2017,N13 4XS,51.61704998,-0.109579973
193,MANDARIN CHINESE TAKEAWAY LTD,7851151,dissolved,ltd,16-04-2019,17-11-2011,['56103'],0,352a Carlton Hill,Nottingham,NG4 1JB,0,0,0,56103,0,0,0,TRUE,2011,2019,NG4 1JB,52.96598,-1.110650031
194,KPF LTD,7853417,dissolved,ltd,10-11-2015,18-11-2011,['56103'],0,152 Stoke Newington Road,London,N16 7XA,0,0,0,56103,0,0,0,TRUE,2011,2015,N16 7XA,51.55544999,-0.074349996
195,ANIKA LIMITED,7849048,dissolved,ltd,29-12-2015,16-11-2011,['56103'],0,Qudnet House Cromwell Industrial Estate,London,E10 7QZ,Staffa Road,0,0,56103,0,0,0,TRUE,2011,2015,E10 7QZ,51.56931001,-0.037480015
196,RAJAH SAPPHIRE LIMITED,7851356,dissolved,ltd,23-09-2014,17-11-2011,['56103'],0,11 Halliwick Court Parade,London,N12 0NB,Woodhouse Road,0,0,56103,0,0,0,TRUE,2011,2014,N12 0NB,51.61249999,-0.159439975
197,IMPERIAL CHEF LIMITED,7851671,dissolved,ltd,09-01-2018,17-11-2011,['56103'],0,The Manor House 260 Ecclesall Road South,Sheffield,S11 9PS,0,0,0,56103,0,0,0,TRUE,2011,2018,S11 9PS,53.35347002,-1.516100039
198,THE DELI SANDWICH LTD,7855987,dissolved,ltd,10-05-2016,22-11-2011,['56103'],0,300 St. Marys Road,Liverpool,L19 0NQ,Garston,0,0,56103,0,0,0,TRUE,2011,2016,L19 0NQ,53.35925001,-2.908860037
199,LITTLE SPROUTS CATERING COMMUNITY INTEREST COMPANY,7803031,dissolved,ltd,27-07-2021,10-10-2011,['56290'],community-interest-company,4 Winpenny Close,Yarm,TS15 9XG,0,Cleveland,0,56290,0,0,0,TRUE,2011,2021,TS15 9XG,54.49982,-1.333640004
200,RPS REFRESH LTD,7805132,dissolved,ltd,27-01-2015,11-10-2011,['56290'],0,22 Wyresdale Crescent,Greenford,UB6 8TH,Perivale,London,0,56290,0,0,0,TRUE,2011,2015,UB6 8TH,51.53240001,-0.330870012
201,GLE SLOANE AVENUE LIMITED,7806737,active,ltd,0,12-10-2011,['56290'],0,Flat 1 5 Chelsea Embankment,London,SW3 4LF,Old Ferry House,0,United Kingdom,56290,0,0,0,TRUE,2011,1970,SW3 4LF,51.48444999,-0.159629993
202,BITE IT LTD,7806829,dissolved,ltd,08-03-2016,12-10-2011,['56290'],0,89 Sycamore Road,Smethwick,B66 4NT,0,West Midlands,0,56290,0,0,0,TRUE,2011,2016,B66 4NT,52.48534998,-1.962160031
203,CLIFTON STREET BAKERY LIMITED,7809610,dissolved,ltd,21-12-2021,13-10-2011,['56290'],0,"The Annexe, Walton Lodge Hillcliffe Road",Warrington,WA4 6NU,Walton,0,England,56290,0,0,0,TRUE,2011,2021,WA4 6NU,53.36880999,-2.594229962
204,DELICIOUS NUTRITIOUS LIMITED,7810230,dissolved,ltd,01-10-2019,14-10-2011,"['56290', ' 86900']",0,31 Bath Road,Felixstowe,IP11 7JN,0,Suffolk,0,56290,86900,0,0,TRUE,2011,2019,IP11 7JN,51.96375001,1.35888001
205,MITHAS CORNER LIMITED,7809192,dissolved,ltd,09-06-2015,13-10-2011,['56290'],0,47 Scotland Road,Nelson,BB9 7UT,0,0,0,56290,0,0,0,TRUE,2011,2015,BB9 7UT,53.83813002,-2.214379964
206,MAITLAND & ASSOCIATES LTD,7802970,dissolved,ltd,04-11-2014,10-10-2011,['56290'],0,1 Leafield Copse,Bracknell,RG12 9YX,0,Berkshire,0,56290,0,0,0,TRUE,2011,2014,RG12 9YX,51.40579999,-0.722979969
207,F.J.M. TRADING LIMITED,7814378,dissolved,ltd,20-11-2018,18-10-2011,['56290'],0,258 Leicester Road,Markfield,LE67 9RG,Field Head,Leicestershire,0,56290,0,0,0,TRUE,2011,2018,LE67 9RG,52.68155001,-1.261160011
208,WILKINSON OUTSIDE CATERING LTD,7814684,dissolved,ltd,01-06-2021,18-10-2011,['56290'],0,Carlyle House,Bolton,BL1 4BY,78 Chorley New Road,Lancs,0,56290,0,0,0,TRUE,2011,2021,BL1 4BY,53.58131001,-2.448010008
209,SECURE ANCHORS LTD,7813698,dissolved,ltd,20-12-2016,18-10-2011,['56290'],0,78 Hartley Road,Nottingham,NG7 3AF,0,0,0,56290,0,0,0,TRUE,2011,2016,NG7 3AF,52.96071001,-1.174440003
210,SARTAJ SWEET CENTRE LIMITED,7813936,dissolved,ltd,07-10-2014,18-10-2011,['56290'],0,278 Green Lane Road,Leicester,LE5 4PB,0,0,0,56290,0,0,0,TRUE,2011,2014,LE5 4PB,52.63671999,-1.095739967
211,F.E.C. FERRARI ENERGY CORPORATION LIMITED,7815909,dissolved,ltd,20-12-2016,19-10-2011,['56290'],0,2nd Floor Cambridge House,Harlow,CM20 2EQ,Cambridge Road,Essex,0,56290,0,0,0,TRUE,2011,2016,CM20 2EQ,51.79088998,0.13290002
212,THE OAK BAKERY LIMITED,7817906,active,ltd,0,20-10-2011,['56290'],0,Unit 2.02 High Weald House,Bexhill,TN39 5ES,Glovers End,East Sussex,England,56290,0,0,0,TRUE,2011,1970,TN39 5ES,50.85698998,0.481760027
213,PFCHORLEY LIMITED,7818615,dissolved,ltd,17-02-2015,21-10-2011,['56290'],0,2nd Floor,London,E1 1JE,112-116 Whitechapel Road,0,0,56290,0,0,0,TRUE,2011,2015,E1 1JE,51.51797999,-0.064079985
214,EXCELLING LIMITED,7825082,dissolved,ltd,24-11-2020,27-10-2011,['56290'],0,42 Market Street,Peterborough,PE7 1BD,Whittlesey,0,0,56290,0,0,0,TRUE,2011,2020,PE7 1BD,52.55668002,-0.129160015
215,BELVEDERE TRADITIONAL LTD,7826497,dissolved,ltd,27-02-2018,27-10-2011,['56290'],0,340 Kilburn High Road,London,NW6 2QJ,Kilburn,London,0,56290,0,0,0,TRUE,2011,2018,NW6 2QJ,51.54604001,-0.202450035
216,THE SALISBURY CUPCAKE COMPANY LTD,7827147,dissolved,ltd,09-12-2014,28-10-2011,['56290'],0,Hardy Cottage,Weymouth,DT3 5LZ,Laurel Lane,Dorset,0,56290,0,0,0,TRUE,2011,2014,DT3 5LZ,50.65988999,-2.467240022
217,EKRAN LIMITED,7826861,dissolved,ltd,12-01-2016,28-10-2011,['56290'],0,"5 The Market, Wrythe Lane",Carshalton,SM5 1AG,0,Surrey,United Kingdom,56290,0,0,0,TRUE,2011,2016,SM5 1AG,51.38315,-0.188440019
218,ERKAN LIMITED,7826877,dissolved,ltd,17-02-2015,28-10-2011,['56290'],0,8 High Street,Boston,PE21 8SH,0,Lincolnshire,0,56290,0,0,0,TRUE,2011,2015,PE21 8SH,52.97645,-0.024480019
219,NMC HALAL FOODS LIMITED,7829773,dissolved,ltd,12-07-2021,31-10-2011,['56290'],0,Bespoke Insolvency Solutions,Bury,BL9 6DT,Suite 6 1-7 Taylor Street,0,0,56290,0,0,0,TRUE,2011,2021,BL9 6DT,53.59878,-2.287750031
220,ROWSWELL & LEES LTD,7839882,dissolved,ltd,18-11-2015,09-11-2011,['56290'],0,4th Floor Allan House,London,W1G 0AH,10 John Princes Street,0,United Kingdom,56290,0,0,0,TRUE,2011,2015,W1G 0,51.516065,-0.144745845
221,SIXPENNY KITCHENS LIMITED,7847208,dissolved,ltd,23-01-2018,14-11-2011,['56290'],0,Sixpenny Nursery,Devizes,SN10 2LT,Roundway Hill Business Centre,Wiltshire,England,56290,0,0,0,TRUE,2011,2018,SN10 2LT,51.36777,-1.978989971
222,SIMS GLOBAL LIMITED,7846418,dissolved,ltd,20-10-2020,14-11-2011,['56290'],0,9a High Street,West Drayton,UB7 7QG,0,0,0,56290,0,0,0,TRUE,2011,2020,UB7 7QG,51.51047002,-0.473999977
223,TIFFANY'S SUSSEX LTD,7849225,dissolved,ltd,21-10-2014,16-11-2011,['56290'],0,22 North Road,Brighton,BN1 1YA,0,East Sussex,United Kingdom,56290,0,0,0,TRUE,2011,2014,BN1 1YA,50.82535001,-0.137969982
224,TUBE DINER LIMITED,7848134,dissolved,ltd,26-05-2015,15-11-2011,['56290'],0,26 Berkeley Square,Bristol,BS8 1HP,0,0,United Kingdom,56290,0,0,0,TRUE,2011,2015,BS8 1HP,51.45516002,-2.605409996
225,CARTERS TEXAS SMOKEPIT LIMITED,7852175,dissolved,ltd,06-07-2021,18-11-2011,['56290'],0,Trafalgar House 223,Portsmouth,PO6 4PY,Southampton Road,0,0,56290,0,0,0,TRUE,2011,2021,PO6 4PY,50.84703999,-1.115229987
226,S&S (GB) LTD,7850156,dissolved,ltd,24-04-2018,16-11-2011,['56290'],0,11 Osborne Close,Beckenham,BR3 3RH,0,0,England,56290,0,0,0,TRUE,2011,2018,BR3 3RH,51.39660999,-0.041889986
227,UPPERCRUST (LITTLEHAMPTON) LTD,7856780,dissolved,ltd,15-01-2019,22-11-2011,['56290'],0,9 Vinnetrow Business Park,Chichester,PO20 1QH,Vinnetrow Road,West Sussex,0,56290,0,0,0,TRUE,2011,2019,PO20 1QH,50.82358998,-0.751150037
